imagen | cr√©ditos
1.jpg | Photo by <a href="https://unsplash.com/@marekpiwnicki?utm_source=unsplash&utm_medium=referral&utm_content=creditCopyText">Marek Piwnicki</a> on <a href="https://unsplash.com/t/wallpapers?utm_source=unsplash&utm_medium=referral&utm_content=creditCopyText">Unsplash</a>
2.jpg | Photo by <a href="https://unsplash.com/@christian_thoeni?utm_source=unsplash&utm_medium=referral&utm_content=creditCopyText">Christian Th√∂ni</a> on <a href="https://unsplash.com/t/wallpapers?utm_source=unsplash&utm_medium=referral&utm_content=creditCopyText">Unsplash</a>
3.jpg | Photo by <a href="https://unsplash.com/@helenngoc?utm_source=unsplash&utm_medium=referral&utm_content=creditCopyText">Helen Ngoc N.</a> on <a href="https://unsplash.com/t/wallpapers?utm_source=unsplash&utm_medium=referral&utm_content=creditCopyText">Unsplash</a>
4.jpg | Photo by <a href="https://unsplash.com/@janvalecka?utm_source=unsplash&utm_medium=referral&utm_content=creditCopyText">Jan Valeƒçka</a> on <a href="https://unsplash.com/t/wallpapers?utm_source=unsplash&utm_medium=referral&utm_content=creditCopyText">Unsplash</a>
5.jpg | Photo by <a href="https://unsplash.com/@janvalecka?utm_source=unsplash&utm_medium=referral&utm_content=creditCopyText">Jan Valeƒçka</a> on <a href="https://unsplash.com/t/wallpapers?utm_source=unsplash&utm_medium=referral&utm_content=creditCopyText">Unsplash</a>
6.jpg | Photo by <a href="https://unsplash.com/@wildhoney?utm_source=unsplash&utm_medium=referral&utm_content=creditCopyText">John Fowler</a> on <a href="https://unsplash.com/t/wallpapers?utm_source=unsplash&utm_medium=referral&utm_content=creditCopyText">Unsplash</a>
7.jpg | Photo by <a href="https://unsplash.com/@eberhardgross?utm_source=unsplash&utm_medium=referral&utm_content=creditCopyText">eberhard üñê grossgasteiger</a> on <a href="https://unsplash.com/t/nature?utm_source=unsplash&utm_medium=referral&utm_content=creditCopyText">Unsplash</a>
8.jpg | Photo by <a href="https://unsplash.com/@matsefcik?utm_source=unsplash&utm_medium=referral&utm_content=creditCopyText">Matej Sefcik</a> on <a href="https://unsplash.com/t/nature?utm_source=unsplash&utm_medium=referral&utm_content=creditCopyText">Unsplash</a>
9.jpg | Photo by <a href="https://unsplash.com/@hopeocean?utm_source=unsplash&utm_medium=referral&utm_content=creditCopyText">Hope</a> on <a href="https://unsplash.com/t/nature?utm_source=unsplash&utm_medium=referral&utm_content=creditCopyText">Unsplash</a>
10.jpg | Photo by <a href="https://unsplash.com/@stefanolombardo?utm_source=unsplash&utm_medium=referral&utm_content=creditCopyText">Stefano Lombardo</a> on <a href="https://unsplash.com/t/wallpapers?utm_source=unsplash&utm_medium=referral&utm_content=creditCopyText">Unsplash</a>
11.jpg |  Photo by <a href="https://unsplash.com/@jackward?utm_source=unsplash&utm_medium=referral&utm_content=creditCopyText">Jack Ward</a> on <a href="https://unsplash.com/t/wallpapers?utm_source=unsplash&utm_medium=referral&utm_content=creditCopyText">Unsplash</a>
12.jpg | Photo by <a href="https://unsplash.com/@photoholgic?utm_source=unsplash&utm_medium=referral&utm_content=creditCopyText">Photoholgic</a> on <a href="https://unsplash.com/t/wallpapers?utm_source=unsplash&utm_medium=referral&utm_content=creditCopyText">Unsplash</a>
13.jpg | Photo by <a href="https://unsplash.com/@tex450?utm_source=unsplash&utm_medium=referral&utm_content=creditCopyText">Matthew Ball</a> on <a href="https://unsplash.com/t/technology?utm_source=unsplash&utm_medium=referral&utm_content=creditCopyText">Unsplash</a>
14.jpg | Photo by <a href="https://unsplash.com/@fotographyfanatik?utm_source=unsplash&utm_medium=referral&utm_content=creditCopyText">Bob Osias</a> on <a href="https://unsplash.com/t/technology?utm_source=unsplash&utm_medium=referral&utm_content=creditCopyText">Unsplash</a>
15.jpg | Photo by <a href="https://unsplash.com/@misheng_gz?utm_source=unsplash&utm_medium=referral&utm_content=creditCopyText">Mikhail Preobrazhenskiy</a> on <a href="https://unsplash.com/t/architecture?utm_source=unsplash&utm_medium=referral&utm_content=creditCopyText">Unsplash</a>
16.jpg | Photo by <a href="https://unsplash.com/@cristy_g?utm_source=unsplash&utm_medium=referral&utm_content=creditCopyText">Cristian Grumeza</a> on <a href="https://unsplash.com/t/health?utm_source=unsplash&utm_medium=referral&utm_content=creditCopyText">Unsplash</a>
17.jpg | Photo by <a href="https://unsplash.com/@iamninoslav?utm_source=unsplash&utm_medium=referral&utm_content=creditCopyText">Iamninoslav</a> on <a href="https://unsplash.com/t/health?utm_source=unsplash&utm_medium=referral&utm_content=creditCopyText">Unsplash</a>
18.jpg | Photo by <a href="https://unsplash.com/@sandym10?utm_source=unsplash&utm_medium=referral&utm_content=creditCopyText">Sandy Millar</a> on <a href="https://unsplash.com/s/photos/bunny?utm_source=unsplash&utm_medium=referral&utm_content=creditCopyText">Unsplash</a>
19.jpg | Photo by <a href="https://unsplash.com/@kanashi?utm_source=unsplash&utm_medium=referral&utm_content=creditCopyText">Kanashi</a> on <a href="https://unsplash.com/s/photos/bunny?utm_source=unsplash&utm_medium=referral&utm_content=creditCopyText">Unsplash</a>
20.jpg | Photo by <a href="https://unsplash.com/@rayhennessy?utm_source=unsplash&utm_medium=referral&utm_content=creditCopyText">Ray Hennessy</a> on <a href="https://unsplash.com/s/photos/animals?utm_source=unsplash&utm_medium=referral&utm_content=creditCopyText">Unsplash</a>
21.jpg | Photo by <a href="https://unsplash.com/@quinguyen?utm_source=unsplash&utm_medium=referral&utm_content=creditCopyText">Q.U.I</a> on <a href="https://unsplash.com/s/photos/animals?utm_source=unsplash&utm_medium=referral&utm_content=creditCopyText">Unsplash</a>
22.jpg | Photo by <a href="https://unsplash.com/@joelfilip?utm_source=unsplash&utm_medium=referral&utm_content=creditCopyText">Joel Filipe</a> on <a href="https://unsplash.com/s/photos/animals?utm_source=unsplash&utm_medium=referral&utm_content=creditCopyText">Unsplash</a>
23.jpg | Photo by <a href="https://unsplash.com/@iriser?utm_source=unsplash&utm_medium=referral&utm_content=creditCopyText">Irina Iriser</a> on <a href="https://unsplash.com/s/photos/medusas?utm_source=unsplash&utm_medium=referral&utm_content=creditCopyText">Unsplash</a>
24.jpg | Photo by <a href="https://unsplash.com/@sophiecde?utm_source=unsplash&utm_medium=referral&utm_content=creditCopyText">Sophie Coonen</a> on <a href="https://unsplash.com/collections/9330036/medusas?utm_source=unsplash&utm_medium=referral&utm_content=creditCopyText">Unsplash</a>
25.jpg | Photo by <a href="https://unsplash.com/@nci?utm_source=unsplash&utm_medium=referral&utm_content=creditCopyText">National Cancer Institute</a> on <a href="https://unsplash.com/s/photos/science?utm_source=unsplash&utm_medium=referral&utm_content=creditCopyText">Unsplash</a>
26.jpg | Photo by <a href="https://unsplash.com/@nci?utm_source=unsplash&utm_medium=referral&utm_content=creditCopyText">National Cancer Institute</a> on <a href="https://unsplash.com/s/photos/science?utm_source=unsplash&utm_medium=referral&utm_content=creditCopyText">Unsplash</a>
27.jpg | Photo by <a href="https://unsplash.com/@pietrozj?utm_source=unsplash&utm_medium=referral&utm_content=creditCopyText">Pietro Jeng</a> on <a href="https://unsplash.com/s/photos/science?utm_source=unsplash&utm_medium=referral&utm_content=creditCopyText">Unsplash</a>
28.jpg | Photo by <a href="https://unsplash.com/@lazycreekimages?utm_source=unsplash&utm_medium=referral&utm_content=creditCopyText">Michael Dziedzic</a> on <a href="https://unsplash.com/s/photos/science?utm_source=unsplash&utm_medium=referral&utm_content=creditCopyText">Unsplash</a>
29.jpg | Photo by <a href="https://unsplash.com/@testalizeme?utm_source=unsplash&utm_medium=referral&utm_content=creditCopyText">Testalize.me</a> on <a href="https://unsplash.com/s/photos/science?utm_source=unsplash&utm_medium=referral&utm_content=creditCopyText">Unsplash</a>
30.jpg | Photo by <a href="https://unsplash.com/@girlwithredhat?utm_source=unsplash&utm_medium=referral&utm_content=creditCopyText">Girl with red hat</a> on <a href="https://unsplash.com/s/photos/science?utm_source=unsplash&utm_medium=referral&utm_content=creditCopyText">Unsplash</a>
31.jpg | Photo by <a href="https://unsplash.com/@vlisidis?utm_source=unsplash&utm_medium=referral&utm_content=creditCopyText">Terry Vlisidis</a> on <a href="https://unsplash.com/s/photos/science?utm_source=unsplash&utm_medium=referral&utm_content=creditCopyText">Unsplash</a>
32.jpg | Photo by <a href="https://unsplash.com/@girlwithredhat?utm_source=unsplash&utm_medium=referral&utm_content=creditCopyText">Girl with red hat</a> on <a href="https://unsplash.com/s/photos/science?utm_source=unsplash&utm_medium=referral&utm_content=creditCopyText">Unsplash</a>
33.jpg | Photo by <a href="https://unsplash.com/@nci?utm_source=unsplash&utm_medium=referral&utm_content=creditCopyText">National Cancer Institute</a> on <a href="https://unsplash.com/s/photos/science?utm_source=unsplash&utm_medium=referral&utm_content=creditCopyText">Unsplash</a>
34.jpg | Photo by <a href="https://unsplash.com/@nci?utm_source=unsplash&utm_medium=referral&utm_content=creditCopyText">National Cancer Institute</a> on <a href="https://unsplash.com/s/photos/science?utm_source=unsplash&utm_medium=referral&utm_content=creditCopyText">Unsplash</a>
35.jpg | Photo by <a href="https://unsplash.com/@nofilter_noglory?utm_source=unsplash&utm_medium=referral&utm_content=creditCopyText">Tim Goedhart</a> on <a href="https://unsplash.com/s/photos/brain?utm_source=unsplash&utm_medium=referral&utm_content=creditCopyText">Unsplash</a>
36.jpg | Photo by <a href="https://unsplash.com/@peterlaster?utm_source=unsplash&utm_medium=referral&utm_content=creditCopyText">Pedro Lastra</a> on <a href="https://unsplash.com/s/photos/mexico?utm_source=unsplash&utm_medium=referral&utm_content=creditCopyText">Unsplash</a>
37.jpg | Photo by <a href="https://unsplash.com/@marc_schulte?utm_source=unsplash&utm_medium=referral&utm_content=creditCopyText">Marc Schulte</a> on <a href="https://unsplash.com/s/photos/eyes?utm_source=unsplash&utm_medium=referral&utm_content=creditCopyText">Unsplash</a>
  